{"Position":{"x":3.0000007152557375,"y":6.999997615814209,"z":0.0},"Gold":0,"Experience":12,"Difficulty":4,"Name":"Bob","ItemAmounts":[16,0,0,2,0,0,4,6,0]}